angIn,angOut,angRef,ni,lambda,color,angInDeg,angOutDeg,angRefDeg,angDiffDeg
0.0257097825632381,-3.09111664591925,0.0190464475584456,3,400,#5B0088,1.473,-177.108,181.091,178.58099982688
0.0257097825632381,-3.09078152792346,0.0191302270573938,3,450,#0033FF,1.473,-177.089,181.096,178.561798980083
0.0257097825632381,-3.09052790136803,0.0191936336962438,3,500,#00FF80,1.473,-177.074,181.1,178.547267248884
0.0257097825632381,-3.09032737015458,0.0192437664996043,3,550,#92FF00,1.473,-177.063,181.103,178.535777656693
0.0257097825632381,-3.09016270140106,0.0192849336879971,3,600,#FFB100,1.473,-177.053,181.105,178.526342832099
0.0257097825632381,-3.09002343157655,0.0193197511441324,3,650,#F60000,1.473,-177.045,181.107,178.518363258941
0.0257097825632381,-3.08991145149444,0.019347746164649,3,700,#A20000,1.473,-177.039,181.109,178.511947272846
0.0514196498907865,-3.040663205711,0.0380872744423948,3,400,#5B0088,2.946,-174.217,182.182,177.163297530742
0.0514196498907865,-3.03999282385077,0.0382548699074494,3,450,#0033FF,2.946,-174.179,182.192,177.124887479489
0.0514196498907865,-3.0394854581989,0.038381711320413,3,500,#00FF80,2.946,-174.15,182.199,177.095817568966
0.0514196498907865,-3.03908430547889,0.0384819995004233,3,550,#92FF00,2.946,-174.127,182.205,177.07283321117
0.0514196498907865,-3.03875489295783,0.0385643526306907,3,600,#FFB100,2.946,-174.108,182.21,177.053959263994
0.0514196498907865,-3.03847628925247,0.0386340035570323,3,650,#F60000,2.946,-174.092,182.214,177.03799644752
0.0514196498907865,-3.03825227717556,0.0386900065762566,3,700,#A20000,2.946,-174.079,182.217,177.025161500954
0.0771296871965555,-2.99025495952709,0.0571168453148169,3,400,#5B0088,4.419,-171.329,183.273,175.748194400492
0.0771296871965555,-2.98924902232933,0.0573683296142544,3,450,#0033FF,4.419,-171.271,183.287,175.690558444605
0.0771296871965555,-2.98848769268939,0.0575586620242411,3,500,#00FF80,4.419,-171.228,183.298,175.646937469418
0.0771296871965555,-2.98788573802128,0.0577091506912685,3,550,#92FF00,4.419,-171.193,183.306,175.612448007477
0.0771296871965555,-2.98739143181965,0.0578327272416732,3,600,#FFB100,4.419,-171.165,183.314,175.584126348337
0.0771296871965555,-2.98697336621499,0.0579372436428385,3,650,#F60000,4.419,-171.141,183.32,175.56017295363
0.0771296871965555,-2.98663721839201,0.0580212805985822,3,700,#A20000,4.419,-171.122,183.324,175.540913102081
0.102839980598738,-2.93991465232665,0.0761294954654659,3,400,#5B0088,5.892,-168.445,184.362,174.336998560503
0.102839980598738,-2.93857272324816,0.0764649777350952,3,450,#0033FF,5.892,-168.368,184.381,174.260111687899
0.102839980598738,-2.93755709276366,0.0767188853562178,3,500,#00FF80,5.892,-168.31,184.396,174.201920347593
0.102839980598738,-2.93675406585077,0.0769196420844404,3,550,#92FF00,5.892,-168.264,184.407,174.155910294649
0.102839980598738,-2.93609464138935,0.0770844981997938,3,600,#FFB100,5.892,-168.226,184.417,174.118128056102
0.102839980598738,-2.93553692209635,0.0772239280230447,3,650,#F60000,5.892,-168.194,184.425,174.08617309446
0.102839980598738,-2.9350884830875,0.0773360377752549,3,700,#A20000,5.892,-168.168,184.431,174.060479431884
0.128550617584789,-2.88966520715744,0.0951195160042852,3,400,#5B0088,7.365,-165.566,185.45,172.931028417327
0.128550617584789,-2.88798670540236,0.0955391414430535,3,450,#0033FF,7.365,-165.469,185.474,172.834857350856
0.128550617584789,-2.88671632584236,0.0958567363330553,3,500,#00FF80,7.365,-165.397,185.492,172.762069963688
0.128550617584789,-2.88571186698207,0.096107851048126,3,550,#92FF00,7.365,-165.339,185.507,172.704518710299
0.128550617584789,-2.88488702537265,0.0963140614504836,3,600,#FFB100,7.365,-165.292,185.518,172.657258767312
0.128550617584789,-2.88418939712528,0.0964884685123268,3,650,#F60000,7.365,-165.252,185.528,172.617287613069
0.128550617584789,-2.88362846003268,0.096628702785475,3,700,#A20000,7.365,-165.22,185.536,172.58514828509
0.15426168749203,-2.83952978543764,0.114081138911043,3,400,#5B0088,8.839,-162.693,186.536,171.531616141124
0.15426168749203,-2.83751398707692,0.114585088501223,3,450,#0033FF,8.839,-162.578,186.565,171.416119402706
0.15426168749203,-2.83598829964564,0.114966510359044,3,500,#00FF80,8.839,-162.49,186.587,171.328703952037
0.15426168749203,-2.8347819603462,0.115268095183906,3,550,#92FF00,8.839,-162.421,186.604,171.259585801518
0.15426168749203,-2.83379132888224,0.115515753049896,3,600,#FFB100,8.839,-162.364,186.619,171.202826799581
0.15426168749203,-2.83295347334134,0.115725216935122,3,650,#F60000,8.839,-162.316,186.631,171.154821213245
0.15426168749203,-2.8322797801262,0.115893640238905,3,700,#A20000,8.839,-162.278,186.64,171.116221435331
0.179973282009644,-2.78953184802193,0.133008521894376,3,400,#5B0088,10.312,-159.828,187.621,170.140111193256
0.179973282009644,-2.78717788744054,0.133597012039724,3,450,#0033FF,10.312,-159.694,187.655,170.005239186802
0.179973282009644,-2.78539622382581,0.134042427943406,3,500,#00FF80,10.312,-159.591,187.68,169.903157381166
0.179973282009644,-2.783987467606,0.134394616998359,3,550,#92FF00,10.312,-159.511,187.7,169.822441595408
0.179973282009644,-2.78283060039978,0.134683833799914,3,600,#FFB100,10.312,-159.444,187.717,169.756157987035
0.179973282009644,-2.7818521366778,0.134928449730409,3,650,#F60000,10.312,-159.388,187.731,169.700096145359
0.179973282009644,-2.78106537857299,0.135125139256614,3,700,#A20000,10.312,-159.343,187.742,169.655018226455
0.205685495708144,-2.73969521724323,0.151895733013677,3,400,#5B0088,11.785,-156.973,188.703,168.757883911347
0.205685495708144,-2.73700208894798,0.152569015087489,3,450,#0033FF,11.785,-156.819,188.742,168.603579026342
0.205685495708144,-2.73496367263331,0.153078619166155,3,500,#00FF80,11.785,-156.702,188.771,168.486786374621
0.205685495708144,-2.73335187602482,0.153481568318281,3,550,#92FF00,11.785,-156.61,188.794,168.394437231521
0.205685495708144,-2.73202825480697,0.153812473622742,3,600,#FFB100,11.785,-156.534,188.813,168.318599322064
0.205685495708144,-2.73090874012749,0.154092352292613,3,650,#F60000,11.785,-156.47,188.829,168.254455855827
0.205685495708144,-2.73000855815649,0.154317397785361,3,700,#A20000,11.785,-156.418,188.842,168.202879228095
0.231398426602988,-2.69004414011827,0.170736735018628,3,400,#5B0088,13.258,-154.128,189.782,167.386329162994
0.231398426602988,-2.68701070094633,0.171495094811613,3,450,#0033FF,13.258,-153.954,189.826,167.212525901033
0.231398426602988,-2.68471464881704,0.172069107843935,3,500,#00FF80,13.258,-153.823,189.859,167.080971804482
0.231398426602988,-2.68289910259365,0.172522994399783,3,550,#92FF00,13.258,-153.719,189.885,166.976948668371
0.231398426602988,-2.68140813769513,0.172895735624411,3,600,#FFB100,13.258,-153.633,189.906,166.891522672284
0.231398426602988,-2.68014706820378,0.17321100299725,3,650,#F60000,13.258,-153.561,189.924,166.819268712757
0.231398426602988,-2.67913305381959,0.173464506593298,3,700,#A20000,13.258,-153.503,189.939,166.761169968177
0.257112176759792,-2.6406033529,0.189525369362397,3,400,#5B0088,14.731,-151.295,190.859,166.026870079022
0.257112176759792,-2.63722832467605,0.190369126418383,3,450,#0033FF,14.731,-151.102,190.907,165.833495206052
0.257112176759792,-2.634673648956,0.191007795348396,3,500,#00FF80,14.731,-150.956,190.944,165.687123069269
0.257112176759792,-2.63265355961846,0.191512817682784,3,550,#92FF00,14.731,-150.84,190.973,165.571380475988
0.257112176759792,-2.63099459115866,0.191927559797731,3,600,#FFB100,14.731,-150.745,190.997,165.476328584896
0.257112176759792,-2.62959140290567,0.192278356860978,3,650,#F60000,14.731,-150.664,191.017,165.395931820138
0.257112176759792,-2.62846309876579,0.19256043289595,3,700,#A20000,14.731,-150.6,191.033,165.331284754915
0.28282685294934,-2.59139814715415,0.208255339846245,3,400,#5B0088,16.205,-148.476,191.932,164.680961876919
0.28282685294934,-2.58768011985241,0.20918484667168,3,450,#0033FF,16.205,-148.263,191.985,164.467934604415
0.28282685294934,-2.58486573041399,0.209888444031285,3,500,#00FF80,16.205,-148.102,192.026,164.306681967687
0.28282685294934,-2.58264022196442,0.210444821143678,3,550,#92FF00,16.205,-147.974,192.058,164.179169726256
0.28282685294934,-2.58081252127334,0.210901746316449,3,600,#FFB100,16.205,-147.87,192.084,164.074450190444
0.28282685294934,-2.57926659139139,0.211288228786936,3,650,#F60000,16.205,-147.781,192.106,163.985874932785
0.28282685294934,-2.57802349228806,0.211599003562768,3,700,#A20000,16.205,-147.71,192.124,163.914650600648
0.308542567361765,-2.54245443752871,0.226920195855713,3,400,#5B0088,17.678,-145.672,193.002,163.350095784663
0.308542567361765,-2.53839187300492,0.227935836986659,3,450,#0033FF,17.678,-145.439,193.06,163.11732798345
0.308542567361765,-2.53531658010191,0.228704660212411,3,500,#00FF80,17.678,-145.263,193.104,162.941126679341
0.308542567361765,-2.53288469614734,0.229312631201056,3,550,#92FF00,17.678,-145.124,193.139,162.801789992478
0.308542567361765,-2.53088746745422,0.229811938374334,3,600,#FFB100,17.678,-145.009,193.167,162.68735721764
0.308542567361765,-2.52919811555901,0.230234276348135,3,650,#F60000,17.678,-144.912,193.191,162.590564483933
0.308542567361765,-2.52783966952678,0.230573887856193,3,700,#A20000,17.678,-144.835,193.211,162.51273125959
0.334259438390582,-2.493798831375,0.245513315151345,3,400,#5B0088,19.152,-142.884,194.067,162.035803074638
0.334259438390582,-2.48939006774309,0.246615506059322,3,450,#0033FF,19.152,-142.632,194.13,161.783199525659
0.334259438390582,-2.4860525852233,0.247449876689268,3,500,#00FF80,19.152,-142.44,194.178,161.591975863076
0.334259438390582,-2.48341329145321,0.248109700131791,3,550,#92FF00,19.152,-142.289,194.216,161.440755469155
0.334259438390582,-2.48124567387901,0.248651604525342,3,600,#FFB100,19.152,-142.165,194.247,161.316560130555
0.334259438390582,-2.47941216372423,0.249109982064036,3,650,#F60000,19.152,-142.06,194.273,161.211507736991
0.334259438390582,-2.47793777335029,0.249478579657522,3,700,#A20000,19.152,-141.975,194.294,161.12703139121
0.359977591498797,-2.44545870036606,0.264027886180632,3,400,#5B0088,20.625,-140.114,195.128,160.739659216688
0.359977591498797,-2.44070195710422,0.265217071996093,3,450,#0033FF,20.625,-139.842,195.196,160.467117903557
0.359977591498797,-2.43710090616665,0.266117334730484,3,500,#00FF80,20.625,-139.636,195.247,160.260792883023
0.359977591498797,-2.4342530932563,0.266829287958073,3,550,#92FF00,20.625,-139.472,195.288,160.097625222417
0.359977591498797,-2.43191416315228,0.267414020484077,3,600,#FFB100,20.625,-139.338,195.322,159.963614398881
0.359977591498797,-2.42993570457497,0.267908635128406,3,650,#F60000,20.625,-139.225,195.35,159.850257072459
0.359977591498797,-2.4283447285414,0.268306379136798,3,700,#A20000,20.625,-139.134,195.373,159.759100860429
0.385697160181295,-2.3974622542413,0.282456889882448,3,400,#5B0088,22.099,-137.364,196.184,159.463288158516
0.385697160181295,-2.39235563812342,0.283733543911918,3,450,#0033FF,22.099,-137.072,196.257,159.170700607368
0.385697160181295,-2.38848955169308,0.284700065519502,3,500,#00FF80,22.099,-136.85,196.312,158.949190171677
0.385697160181295,-2.38543203869071,0.285464443770094,3,550,#92FF00,22.099,-136.675,196.356,158.774007580835
0.385697160181295,-2.38292081237143,0.286092250349914,3,600,#FFB100,22.099,-136.531,196.392,158.630124911338
0.385697160181295,-2.38079656356865,0.28662331255061,3,650,#F60000,22.099,-136.41,196.422,158.508414420303
0.385697160181295,-2.37908831845951,0.287050373827895,3,700,#A20000,22.099,-136.312,196.447,158.410539185175
0.411418287040084,-2.34983861678619,0.300793080960923,3,400,#5B0088,23.573,-134.636,197.234,158.208366740606
0.411418287040084,-2.34438012874615,0.302157702970932,3,450,#0033FF,23.573,-134.323,197.312,157.895618413389
0.411418287040084,-2.34024745654889,0.303190871020247,3,500,#00FF80,23.573,-134.086,197.372,157.658833738376
0.411418287040084,-2.33697899481248,0.304007986454349,3,550,#92FF00,23.573,-133.899,197.418,157.471564675379
0.411418287040084,-2.33429443173728,0.30467912722315,3,600,#FFB100,23.573,-133.745,197.457,157.317750541334
0.411418287040084,-2.3320235019201,0.305246859677446,3,650,#F60000,23.573,-133.615,197.489,157.187635847239
0.411418287040084,-2.33019726433051,0.305703419074842,3,700,#A20000,23.573,-133.51,197.516,157.083000140967
0.437141124991735,-2.3026179041306,0.319028968612733,3,400,#5B0088,25.046,-131.93,198.279,156.97662925157
0.437141124991735,-2.29680544717954,0.320482082850498,3,450,#0033FF,25.046,-131.597,198.362,156.643599999673
0.437141124991735,-2.29240456160889,0.32158230424316,3,500,#00FF80,25.046,-131.345,198.425,156.391447830354
0.437141124991735,-2.28892383936581,0.322452484803931,3,550,#92FF00,25.046,-131.146,198.475,156.192017136168
0.437141124991735,-2.28606484582949,0.323167233188009,3,600,#FFB100,25.046,-130.982,198.516,156.028208872882
0.437141124991735,-2.28364629830592,0.323771870068901,3,650,#F60000,25.046,-130.843,198.551,155.88963630723
0.437141124991735,-2.28170130729492,0.324258117821652,3,700,#A20000,25.046,-130.732,198.579,155.778196531109
0.462865838629941,-2.25583130541838,0.337156796700339,3,400,#5B0088,26.52,-129.25,199.318,155.769872128239
0.462865838629941,-2.24966269374838,0.338698949617838,3,450,#0033FF,26.52,-128.896,199.406,155.416436714093
0.462865838629941,-2.24499189662674,0.339866648898249,3,500,#00FF80,26.52,-128.629,199.473,155.148819752061
0.462865838629941,-2.24129754423812,0.340790236995405,3,550,#92FF00,26.52,-128.417,199.526,154.937148952159
0.462865838629941,-2.23826297763855,0.341548878645296,3,600,#FFB100,26.52,-128.243,199.569,154.763281093352
0.462865838629941,-2.23569583338311,0.342190664709157,3,650,#F60000,26.52,-128.096,199.606,154.616194562114
0.462865838629941,-2.23363129331675,0.342706799725747,3,700,#A20000,26.52,-127.978,199.636,154.497905129676
0.488592605770261,-2.20951116586349,0.355168523374142,3,400,#5B0088,27.994,-126.596,200.35,154.589958802943
0.488592605770261,-2.20298413528517,0.356800281018721,3,450,#0033FF,27.994,-126.222,200.443,154.215987498052
0.488592605770261,-2.19804166563277,0.358035898431822,3,500,#00FF80,27.994,-125.939,200.514,153.932804846598
0.488592605770261,-2.19413226165323,0.359013249426706,3,550,#92FF00,27.994,-125.715,200.57,153.708812498159
0.488592605770261,-2.190920935411,0.359816080987263,3,600,#FFB100,27.994,-125.531,200.616,153.52481705784
0.488592605770261,-2.18820417718483,0.360495270543806,3,650,#F60000,27.994,-125.375,200.655,153.369158277523
0.488592605770261,-2.18601926102143,0.361041499584657,3,700,#A20000,27.994,-125.25,200.686,153.24397180277
0.514321619209341,-2.1636910721629,0.373055800159058,3,400,#5B0088,29.468,-123.97,201.375,153.4388246981
0.514321619209341,-2.15680329203919,0.374777745189986,3,450,#0033FF,29.468,-123.576,201.473,153.044183966797
0.514321619209341,-2.15158733497571,0.376081734455856,3,500,#00FF80,29.468,-123.277,201.548,152.745331640939
0.514321619209341,-2.14746141310858,0.37711321492264,3,550,#92FF00,29.468,-123.04,201.607,152.508933731351
0.514321619209341,-2.1440721023217,0.377960542619359,3,600,#FFB100,29.468,-122.846,201.656,152.314740527805
0.514321619209341,-2.14120467941415,0.378677398346245,3,650,#F60000,29.468,-122.682,201.697,152.150449297123
0.514321619209341,-2.13889853248893,0.379253935077551,3,700,#A20000,29.468,-122.55,201.73,152.018316811371
0.540053088737286,-2.11840594018251,0.390809950536143,3,400,#5B0088,30.943,-121.376,202.392,152.318482365551
0.540053088737286,-2.11115502703619,0.392622678822723,3,450,#0033FF,30.943,-120.96,202.496,151.903035644651
0.540053088737286,-2.10566372395211,0.393995504593743,3,500,#00FF80,30.943,-120.646,202.574,151.588407153906
0.540053088737286,-2.10131978100988,0.3950814903293,3,550,#92FF00,30.943,-120.397,202.637,151.339517556871
0.540053088737286,-2.09775122893482,0.395973628348065,3,600,#FFB100,30.943,-120.192,202.688,151.135054583998
0.540053088737286,-2.09473206260433,0.396728419930689,3,650,#F60000,30.943,-120.019,202.731,150.962069095612
0.540053088737286,-2.09230380697655,0.397335483837633,3,700,#A20000,30.943,-119.88,202.766,150.822940296562
0.565787243449647,-2.07369210476833,0.408421948067778,3,400,#5B0088,32.417,-118.814,203.401,151.231026764831
0.565787243449647,-2.06607563775657,0.410326064820717,3,450,#0033FF,32.417,-118.377,203.51,150.794635350257
0.565787243449647,-2.06030709790345,0.411768199783998,3,500,#00FF80,32.417,-118.047,203.593,150.46412236272
0.565787243449647,-2.05574360289371,0.412909073536434,3,550,#92FF00,32.417,-117.785,203.658,150.202653358833
0.565787243449647,-2.05199452835254,0.413846342171726,3,600,#FFB100,32.417,-117.571,203.712,149.987847210544
0.565787243449647,-2.04882251805209,0.414639344746837,3,650,#F60000,32.417,-117.389,203.757,149.806104407756
0.565787243449647,-2.04627125748393,0.415277159888877,3,700,#A20000,32.417,-117.243,203.794,149.659927944763
0.591524334415306,-2.02958741146006,0.425882394136261,3,400,#5B0088,33.892,-116.287,204.401,150.178640670825
0.591524334415306,-2.02160294992482,0.427878509520068,3,450,#0033FF,33.892,-115.829,204.516,149.721164723172
0.591524334415306,-2.01555526358663,0.429390431104616,3,500,#00FF80,33.892,-115.483,204.602,149.374657820174
0.591524334415306,-2.0107706680535,0.4305865799879,3,550,#92FF00,33.892,-115.209,204.671,149.100520689449
0.591524334415306,-2.0068397738757,0.431569303532351,3,600,#FFB100,33.892,-114.983,204.727,148.875297043348
0.591524334415306,-2.00351380435579,0.432400795912326,3,650,#F60000,33.892,-114.793,204.775,148.684733027068
0.591524334415306,-2.00083862999824,0.433069589501716,3,700,#A20000,33.892,-114.64,204.813,148.531456826919
0.617264637768615,-1.98613130979585,0.44318149539064,3,400,#5B0088,35.367,-113.797,205.392,149.163600196905
0.617264637768615,-1.97777641311466,0.445270219560936,3,450,#0033FF,35.367,-113.318,205.512,148.684899878806
0.617264637768615,-1.9714476665343,0.446852406206025,3,500,#00FF80,35.367,-112.956,205.603,148.322289410143
0.617264637768615,-1.96644041629612,0.448104218765573,3,550,#92FF00,35.367,-112.669,205.674,148.035395104529
0.617264637768615,-1.96232639891225,0.449132723111539,3,600,#FFB100,35.367,-112.433,205.733,147.79967927159
0.617264637768615,-1.95884534830171,0.450002985764174,3,650,#F60000,35.367,-112.234,205.783,147.600229763335
0.617264637768615,-1.9560453451691,0.450702986547327,3,700,#A20000,35.367,-112.073,205.823,147.439801401213
0.643008458309346,-1.94336494779561,0.460309041025884,3,400,#5B0088,36.842,-111.347,206.374,148.188280414689
0.643008458309346,-1.93463719777166,0.462490978531871,3,450,#0033FF,36.842,-110.847,206.499,147.688217173672
0.643008458309346,-1.92802549001892,0.464143905470055,3,500,#00FF80,36.842,-110.468,206.593,147.309394224066
0.643008458309346,-1.92279403845259,0.465451768361638,3,550,#92FF00,36.842,-110.168,206.668,147.009654128588
0.643008458309346,-1.91849559876556,0.466526378283395,3,600,#FFB100,36.842,-109.922,206.73,146.76337167603
0.643008458309346,-1.91485834773806,0.467435691040269,3,650,#F60000,36.842,-109.713,206.782,146.554972543125
0.643008458309346,-1.91193260205903,0.468167127460026,3,700,#A20000,36.842,-109.546,206.824,146.387339663787
0.66875613371315,-1.90133126709321,0.477254380052432,3,400,#5B0088,38.317,-108.938,207.345,147.255161045952
0.66875613371315,-1.89222829313711,0.479530123541459,3,450,#0033FF,38.317,-108.417,207.475,146.73359905725
0.66875613371315,-1.88533175511519,0.481254258046938,3,500,#00FF80,38.317,-108.022,207.574,146.338456535343
0.66875613371315,-1.87987457814684,0.482618552289026,3,550,#92FF00,38.317,-107.709,207.652,146.025783327
0.66875613371315,-1.87539043381434,0.48373958837215,3,600,#FFB100,38.317,-107.452,207.716,145.76886078202
0.66875613371315,-1.87159587595554,0.484688227836851,3,650,#F60000,38.317,-107.235,207.771,145.551448631593
0.66875613371315,-1.86854348349386,0.485451325952272,3,700,#A20000,38.317,-107.06,207.814,145.376559426121
0.694508039479419,-1.86007509805583,0.494006398753345,3,400,#5B0088,39.792,-106.574,208.304,146.366832196058
0.694508039479419,-1.85059460542233,0.49637652191172,3,450,#0033FF,39.792,-106.031,208.44,145.823639980453
0.694508039479419,-1.84341142121937,0.498172317962461,3,500,#00FF80,39.792,-105.62,208.543,145.412073842158
0.694508039479419,-1.83772703418896,0.499593414720063,3,550,#92FF00,39.792,-105.294,208.625,145.086382456197
0.694508039479419,-1.83305593345782,0.500761189902848,3,600,#FFB100,39.792,-105.026,208.692,144.818748098622
0.694508039479419,-1.82910298695398,0.501749426528808,3,650,#F60000,39.792,-104.8,208.748,144.592260947311
0.694508039479419,-1.82592306239798,0.502544407667808,3,700,#A20000,39.792,-104.618,208.794,144.410064691083
0.720264594774407,-1.81964325408018,0.510553498571005,3,400,#5B0088,41.268,-104.258,209.253,145.52600009152
0.720264594774407,-1.80978305543106,0.513018548233286,3,450,#0033FF,41.268,-103.693,209.394,144.961052323764
0.720264594774407,-1.80231148623011,0.514886440533524,3,500,#00FF80,41.268,-103.265,209.501,144.53296294221
0.720264594774407,-1.79639846280391,0.516364696390072,3,550,#92FF00,41.268,-102.926,209.586,144.194171655727
0.720264594774407,-1.79153920004247,0.517579512080432,3,600,#FFB100,41.268,-102.648,209.655,143.915756407952
0.720264594774407,-1.78742682081684,0.51860760688684,3,650,#F60000,41.268,-102.412,209.714,143.680134434565
0.720264594774407,-1.78411850834053,0.519434685005917,3,700,#A20000,41.268,-102.222,209.761,143.490582092363
0.74602626936706,-1.78008462409234,0.526883574716128,3,400,#5B0088,42.744,-101.991,210.188,144.735492777245
0.74602626936706,-1.76984267465992,0.529444062074234,3,450,#0033FF,42.744,-101.405,210.335,144.148672300781
0.74602626936706,-1.7620810854246,0.531384459383062,3,500,#00FF80,42.744,-100.96,210.446,143.703965995283
0.74602626936706,-1.75593807873313,0.532920211055932,3,550,#92FF00,42.744,-100.608,210.534,143.351997638341
0.74602626936706,-1.75088951181142,0.534182352786359,3,600,#FFB100,42.744,-100.319,210.606,143.062736061138
0.74602626936706,-1.74661670823763,0.535250553679807,3,650,#F60000,42.744,-100.074,210.668,142.817922449671
0.74602626936706,-1.74317919333931,0.536109932404385,3,700,#A20000,42.744,-99.877,210.717,142.620967353984
0.771793591906328,-1.74145026210063,0.542983995848873,3,400,#5B0088,44.221,-99.778,211.111,143.998265721792
0.771793591906328,-1.73082469872415,0.545640386692993,3,450,#0033FF,44.221,-99.169,211.263,143.389465785371
0.771793591906328,-1.7227715878765,0.547653664404904,3,500,#00FF80,44.221,-98.708,211.378,142.92805652185
0.771793591906328,-1.71639735405557,0.549247222860138,3,550,#92FF00,44.221,-98.342,211.47,142.562839826281
0.771793591906328,-1.71115842372368,0.550556955443111,3,600,#FFB100,44.221,-98.042,211.545,142.2626712291
0.771793591906328,-1.70672427304668,0.55166549311236,3,650,#F60000,44.221,-97.788,211.608,142.008613109583
0.771793591906328,-1.70315679577216,0.55255736243099,3,700,#A20000,44.221,-97.584,211.659,141.804211718244
0.79756715985561,-1.70379347246443,0.558841585245244,3,400,#5B0088,45.697,-97.62,212.019,143.317407272113
0.79756715985561,-1.69278265676133,0.561594289171019,3,450,#0033FF,45.697,-96.989,212.177,142.686534003329
0.79756715985561,-1.68443668906189,0.563680781095878,3,500,#00FF80,45.697,-96.511,212.297,142.208345278199
0.79756715985561,-1.67783011337053,0.56533242501872,3,550,#92FF00,45.697,-96.133,212.391,141.82981637405
0.79756715985561,-1.67239986478266,0.566689987165685,3,600,#FFB100,45.697,-95.821,212.469,141.518686048258
0.79756715985561,-1.66780353137539,0.567839070517504,3,650,#F60000,45.697,-95.558,212.535,141.255335542787
0.79756715985561,-1.66410540103121,0.568763603103549,3,700,#A20000,45.697,-95.346,212.588,141.043448281976
0.823347651487681,-1.66716988935083,0.574442603931661,3,400,#5B0088,47.174,-95.522,212.913,142.696143893347
0.823347651487681,-1.65577245526535,0.577291962453029,3,450,#0033FF,47.174,-94.869,213.076,142.043119022971
0.823347651487681,-1.64713249809213,0.579451951746336,3,500,#00FF80,47.174,-94.374,213.2,141.548085941772
0.823347651487681,-1.6402926237706,0.581161920326719,3,550,#92FF00,47.174,-93.982,213.298,141.156190010748
0.823347651487681,-1.63467023029456,0.582567518695727,3,600,#FFB100,47.174,-93.66,213.379,140.834050593809
0.823347651487681,-1.62991098587246,0.583757329801255,3,650,#F60000,47.174,-93.387,213.447,140.561365974751
0.823347651487681,-1.6260815973301,0.584714676936845,3,700,#A20000,47.174,-93.168,213.502,140.341958173158
0.849135840459921,-1.63163754866563,0.589772736346021,3,400,#5B0088,48.652,-93.486,213.791,142.137845125259
0.849135840459921,-1.61985245460593,0.592719009860946,3,450,#0033FF,48.652,-92.811,213.96,141.462608974474
0.849135840459921,-1.61091761780578,0.594952719060984,3,500,#00FF80,48.652,-92.299,214.088,140.950680535187
0.849135840459921,-1.60384367782004,0.596721204057419,3,550,#92FF00,48.652,-91.893,214.19,140.545373629475
0.849135840459921,-1.59802846725812,0.598175006697898,3,600,#FFB100,48.652,-91.56,214.273,140.212186607298
0.849135840459921,-1.59310571316249,0.599405695221805,3,650,#F60000,48.652,-91.278,214.343,139.930133574037
0.849135840459921,-1.58914456484553,0.600395982301046,3,700,#A20000,48.652,-91.051,214.4,139.70317649345
0.874932613645239,-1.59725695057929,0.604817079163936,3,400,#5B0088,50.13,-91.516,214.653,141.646028186352
0.874932613645239,-1.58508353630821,0.607860432731706,3,450,#0033FF,50.13,-90.819,214.828,140.948542926354
0.874932613645239,-1.57585321576071,0.61016801286858,3,500,#00FF80,50.13,-90.29,214.96,140.41968451543
0.874932613645239,-1.56854466755336,0.611995149920419,3,550,#92FF00,50.13,-89.871,215.065,140.000935548781
0.874932613645239,-1.56253615087971,0.613497279088832,3,600,#FFB100,50.13,-89.527,215.151,139.656672902246
0.874932613645239,-1.55744944252322,0.614768956177953,3,650,#F60000,50.13,-89.235,215.224,139.365225981806
0.874932613645239,-1.55335615615578,0.615792277769814,3,700,#A20000,50.13,-89.001,215.282,139.130697948613
0.900738993104376,-1.56409111064328,0.619560134012722,3,400,#5B0088,51.609,-89.616,215.498,141.224362161534
0.900738993104376,-1.55152915902523,0.622700621917236,3,450,#0033FF,51.609,-88.896,215.678,140.504615351371
0.900738993104376,-1.54200308401196,0.625082140670551,3,500,#00FF80,51.609,-88.35,215.815,139.958811457787
0.900738993104376,-1.53445964734292,0.626967999837813,3,550,#92FF00,51.609,-87.918,215.923,139.526604373626
0.900738993104376,-1.52825755003243,0.628518524165435,3,600,#FFB100,51.609,-87.563,216.011,139.171250373606
0.900738993104376,-1.52300662357525,0.62983125577973,3,650,#F60000,51.609,-87.262,216.087,138.870394449075
0.900738993104376,-1.51878096574995,0.630887670236053,3,700,#A20000,51.609,-87.02,216.147,138.62828209002
0.926556163372436,-1.53220559743764,0.633985804881147,3,400,#5B0088,53.088,-87.789,216.325,140.876671722572
0.926556163372436,-1.51925540106134,0.637223353975222,3,450,#0033FF,53.088,-87.047,216.51,140.134680126345
0.926556163372436,-1.50943368547106,0.639678782872791,3,500,#00FF80,53.088,-86.484,216.651,139.571937275444
0.926556163372436,-1.50165538338213,0.641623358395024,3,550,#92FF00,53.088,-86.039,216.762,139.12627339397
0.926556163372436,-1.49525967936578,0.643222284399112,3,600,#FFB100,53.088,-85.672,216.854,138.759826546818
0.926556163372436,-1.48984448065663,0.644576084076399,3,650,#F60000,53.088,-85.362,216.931,138.44955851556
0.926556163372436,-1.48548638625315,0.645665607677269,3,700,#A20000,53.088,-85.112,216.994,138.199858099521
0.952385505629124,-1.5016685547517,0.648077401116804,3,400,#5B0088,54.568,-86.039,217.132,140.606940356764
0.952385505629124,-1.48833098734311,0.651411792968952,3,450,#0033FF,54.568,-85.275,217.323,139.84275403528
0.952385505629124,-1.47821418466302,0.653940993638974,3,500,#00FF80,54.568,-84.695,217.468,139.263103939545
0.952385505629124,-1.47020138753672,0.655944192920549,3,550,#92FF00,54.568,-84.236,217.583,138.804004482113
0.952385505629124,-1.46361233576561,0.657591455863327,3,600,#FFB100,54.568,-83.859,217.677,138.426479624635
0.952385505629124,-1.45803305153791,0.658986276920251,3,650,#F60000,54.568,-83.539,217.757,138.106810185685
0.952385505629124,-1.45354264898736,0.660108877557891,3,700,#A20000,54.568,-83.282,217.821,137.849529071223
0.978228640876967,-1.47255070653906,0.661817646981925,3,400,#5B0088,56.048,-84.371,217.919,140.419313124764
0.978228640876967,-1.45882729894812,0.665248498879658,3,450,#0033FF,56.048,-83.585,218.116,139.633019789266
0.978228640876967,-1.44841646089145,0.667851208393829,3,500,#00FF80,56.048,-82.988,218.265,139.036522707424
0.978228640876967,-1.44016993349455,0.669912840243054,3,550,#92FF00,56.048,-82.516,218.383,138.564031491943
0.978228640876967,-1.43338811702915,0.671608294359402,3,600,#FFB100,56.048,-82.127,218.48,138.175462031043
0.978228640876967,-1.42764520828596,0.6730440215452,3,650,#F60000,56.048,-81.798,218.563,137.84641759793
0.978228640876967,-1.42302284663117,0.674199611958897,3,700,#A20000,56.048,-81.533,218.629,137.581575783727
1.0040874850382,-1.44492534339912,0.675188698807219,3,400,#5B0088,57.53,-82.788,218.685,140.318099042855
1.0040874850382,-1.43081836378601,0.678715443710495,3,450,#0033FF,57.53,-81.98,218.888,139.509828649347
1.0040874850382,-1.42011510228401,0.681391259085996,3,500,#00FF80,57.53,-81.367,219.041,138.896576938257
1.0040874850382,-1.41163605358873,0.683511021259816,3,550,#92FF00,57.53,-80.881,219.162,138.410763233732
1.0040874850382,-1.40466242104855,0.68525442939486,3,600,#FFB100,57.53,-80.481,219.262,138.011203521304
1.0040874850382,-1.39875665850105,0.686730870031737,3,650,#F60000,57.53,-80.143,219.347,137.672828252526
1.0040874850382,-1.39400293614677,0.687919300620306,3,700,#A20000,57.53,-79.87,219.415,137.400460024649
1.02996432001231,-1.41886829025654,0.68817217083639,3,400,#5B0088,59.013,-81.295,219.429,140.30777330241
1.02996432001231,-1.40438082791617,0.691794036421483,3,450,#0033FF,59.013,-80.465,219.637,139.477702854452
1.02996432001231,-1.39338738005818,0.694542398385982,3,500,#00FF80,59.013,-79.835,219.794,138.847824689892
1.02996432001231,-1.38467751551718,0.696719864521231,3,550,#92FF00,59.013,-79.336,219.919,138.348786211562
1.02996432001231,-1.37751342462905,0.698510887243264,3,600,#FFB100,59.013,-78.926,220.022,137.938314039624
1.02996432001231,-1.37144592597032,0.700027761907947,3,650,#F60000,59.013,-78.578,220.109,137.590671974277
1.02996432001231,-1.36656172094974,0.701248813163091,3,700,#A20000,59.013,-78.298,220.179,137.310827640322
1.05586188638954,-1.394457856443,0.700749170884084,3,400,#5B0088,60.496,-79.897,220.15,140.392979721886
1.05586188638954,-1.37959390849093,0.704465157872101,3,450,#0033FF,60.496,-79.045,220.363,139.54133823733
1.05586188638954,-1.36831320382769,0.707285334037912,3,500,#00FF80,60.496,-78.399,220.524,138.895001470193
1.05586188638954,-1.35937477964341,0.709519940083983,3,550,#92FF00,60.496,-77.886,220.652,138.382867488936
1.05586188638954,-1.35202204251313,0.711358124366552,3,600,#FFB100,60.496,-77.465,220.758,137.961586683502
1.05586188638954,-1.34579431121133,0.712915057192002,3,650,#F60000,60.496,-77.108,220.847,137.604763963967
1.05586188638954,-1.34078081271649,0.71416843181571,3,700,#A20000,60.496,-76.821,220.919,137.317511659618
1.08178350597495,-1.37177477184837,0.712900346929094,3,400,#5B0088,61.982,-78.597,220.846,140.578534108663
1.08178350597495,-1.35653933174824,0.716709206954127,3,450,#0033FF,61.982,-77.724,221.064,139.705607691901
1.08178350597495,-1.34497506118363,0.719600274595279,3,500,#00FF80,61.982,-77.061,221.23,139.043023795401
1.08178350597495,-1.33581093995775,0.721891304901749,3,550,#92FF00,61.982,-76.536,221.361,138.517958326212
1.08178350597495,-1.32827186956027,0.723776072501118,3,600,#FFB100,61.982,-76.104,221.469,138.086001410985
1.08178350597495,-1.32188583474407,0.725372581205168,3,650,#F60000,61.982,-75.738,221.561,137.720108568193
1.08178350597495,-1.31674457557645,0.726657895997073,3,700,#A20000,61.982,-75.444,221.634,137.425536116506
1.10773324600597,-1.3509021167002,0.72460594572389,3,400,#5B0088,63.468,-77.401,221.517,140.86942964468
1.10773324600597,-1.33530126334577,0.728506159062498,3,450,#0033FF,63.468,-76.507,221.74,139.975566590669
1.10773324600597,-1.32345794863184,0.731466987740981,3,500,#00FF80,63.468,-75.829,221.91,139.296994642115
1.10773324600597,-1.31407165560985,0.733813560996478,3,550,#92FF00,63.468,-75.291,222.044,138.759199666682
1.10773324600597,-1.30634911284914,0.735744196686655,3,600,#FFB100,63.468,-74.848,222.155,138.316730559384
1.10773324600597,-1.29980716973411,0.737379682465412,3,650,#F60000,63.468,-74.473,222.249,137.941904829078
1.10773324600597,-1.29454005923047,0.738696460091323,3,700,#A20000,63.468,-74.172,222.324,137.64012162699
1.13371614272122,-1.331925258666,0.735845884411252,3,400,#5B0088,64.957,-76.314,222.161,141.27084609221
1.13371614272122,-1.31596624444683,0.739835637966046,3,450,#0033FF,64.957,-75.399,222.389,140.356461932262
1.13371614272122,-1.30384930707215,0.742864872309714,3,500,#00FF80,64.957,-74.705,222.563,139.662212560068
1.13371614272122,-1.29424508601357,0.74526592757436,3,550,#92FF00,64.957,-74.155,222.701,139.111931227901
1.13371614272122,-1.28634252654817,0.747241567440709,3,600,#FFB100,64.957,-73.702,222.814,138.659147923183
1.13371614272122,-1.27964757671829,0.748915304898179,3,650,#F60000,64.957,-73.318,222.91,138.275555553879
1.13371614272122,-1.2742569335967,0.750262965678577,3,700,#A20000,64.957,-73.01,222.987,137.96669445415
1.15973851109633,-1.31493182072716,0.74659983598974,3,400,#5B0088,66.448,-75.34,222.777,141.788165699725
1.15973851109633,-1.2986231567145,0.750677001992906,3,450,#0033FF,66.448,-74.406,223.011,140.853748082303
1.15973851109633,-1.28623898474326,0.753773044985717,3,500,#00FF80,66.448,-73.696,223.188,140.144187295586
1.15973851109633,-1.2764218522571,0.756227328107257,3,550,#92FF00,66.448,-73.134,223.329,139.581707037209
1.15973851109633,-1.26834337212527,0.758246948140214,3,600,#FFB100,66.448,-72.671,223.444,139.118844220774
1.15973851109633,-1.26149886284337,0.759958075460688,3,650,#F60000,66.448,-72.279,223.542,138.726682726084
1.15973851109633,-1.25598744729892,0.761335929346802,3,700,#A20000,66.448,-71.963,223.621,138.410901876244
1.18580838247682,-1.30001171905391,0.756847329253178,3,400,#5B0088,67.942,-74.485,223.364,142.427000446493
1.18580838247682,-1.28336325515624,0.761009445227593,3,450,#0033FF,67.942,-73.531,223.603,141.473113729781
1.18580838247682,-1.27071926634491,0.764170442430427,3,500,#00FF80,67.942,-72.807,223.784,140.748666534681
1.18580838247682,-1.26069506333972,0.766676493181725,3,550,#92FF00,67.942,-72.233,223.927,140.174322009501
1.18580838247682,-1.25244544225625,0.768738898452591,3,600,#FFB100,67.942,-71.76,224.045,139.701653538836
1.18580838247682,-1.2454554038362,0.770486408057604,3,650,#F60000,67.942,-71.359,224.146,139.301153838733
1.18580838247682,-1.23982644809979,0.771893646991706,3,700,#A20000,67.942,-71.037,224.226,138.978638431971
1.21193613686618,-1.28725733630234,0.766567863538409,3,400,#5B0088,69.439,-73.754,223.921,143.193238199198
1.21193613686618,-1.27028033397405,0.770812114120482,3,450,#0033FF,69.439,-72.782,224.164,142.220527617003
1.21193613686618,-1.25738503327794,0.774035939294509,3,500,#00FF80,69.439,-72.043,224.349,141.481681311564
1.21193613686618,-1.24716047199674,0.776592079614809,3,550,#92FF00,69.439,-71.457,224.495,140.895857102778
1.21193613686618,-1.23874521304083,0.778695894353786,3,600,#FFB100,69.439,-70.975,224.616,140.413698281095
1.21193613686618,-1.23161429318054,0.780478624318859,3,650,#F60000,69.439,-70.566,224.718,140.005126669054
1.21193613686618,-1.22587152964393,0.781914315203011,3,700,#A20000,69.439,-70.237,224.8,139.676090555665
1.2381354400874,-1.27676394069165,0.775741038246386,3,400,#5B0088,70.94,-73.153,224.447,144.093120418704
1.2381354400874,-1.25947113555387,0.780064239530832,3,450,#0033FF,70.94,-72.162,224.694,143.102315668367
1.2381354400874,-1.24633416495177,0.783348482181356,3,500,#00FF80,70.94,-71.41,224.883,142.349622697279
1.2381354400874,-1.23591686990818,0.785952805942253,3,550,#92FF00,70.94,-70.813,225.032,141.752755657339
1.2381354400874,-1.22734223418861,0.788096464872148,3,600,#FFB100,70.94,-70.322,225.155,141.261465219745
1.2381354400874,-1.22007572804619,0.789913091407751,3,650,#F60000,70.94,-69.905,225.259,140.845125085979
1.2381354400874,-1.21422341395892,0.791376169929569,3,700,#A20000,70.94,-69.57,225.343,140.509812188394
1.26442467453291,-1.26863054150537,0.784346696654334,3,400,#5B0088,72.446,-72.687,224.94,145.133373152592
1.26442467453291,-1.25103619307797,0.788745283761185,3,450,#0033FF,72.446,-71.679,225.192,144.12529124442
1.26442467453291,-1.2376683715087,0.792087239153501,3,500,#00FF80,72.446,-70.913,225.383,143.359371487217
1.26442467453291,-1.22706691252549,0.794737603899302,3,550,#92FF00,72.446,-70.306,225.535,142.751952630798
1.26442467453291,-1.21833994730909,0.796919345203403,3,600,#FFB100,72.446,-69.806,225.66,142.251934355941
1.26442467453291,-1.21094382201508,0.798768376526906,3,650,#F60000,72.446,-69.382,225.766,141.828167591844
1.26442467453291,-1.20498675968458,0.800257642109531,3,700,#A20000,72.446,-69.041,225.851,141.48685306201
